{
  "id": "1990368",
  "name": "lucksheet",
  "font_family": "iconfont",
  "css_prefix_text": "icon-",
  "description": "",
  "glyphs": [
    {
      "icon_id": "17878780",
      "name": "链接",
      "font_class": "lianjie",
      "unicode": "e7f8",
      "unicode_decimal": 59384
    },
    {
      "icon_id": "17612330",
      "name": "打印区域",
      "font_class": "dayinquyu",
      "unicode": "e7f5",
      "unicode_decimal": 59381
    },
    {
      "icon_id": "17612331",
      "name": "打印页面配置",
      "font_class": "dayinyemianpeizhi",
      "unicode": "e7f6",
      "unicode_decimal": 59382
    },
    {
      "icon_id": "17612332",
      "name": "打印标题",
      "font_class": "dayinbiaoti",
      "unicode": "e7f7",
      "unicode_decimal": 59383
    },
    {
      "icon_id": "17600443",
      "name": "分页预览",
      "font_class": "fenyeyulan",
      "unicode": "e7f2",
      "unicode_decimal": 59378
    },
    {
      "icon_id": "17600444",
      "name": "普通",
      "font_class": "putong",
      "unicode": "e7f3",
      "unicode_decimal": 59379
    },
    {
      "icon_id": "17600445",
      "name": "页面布局",
      "font_class": "yemianbuju",
      "unicode": "e7f4",
      "unicode_decimal": 59380
    },
    {
      "icon_id": "17597312",
      "name": "表格锁定",
      "font_class": "biaogesuoding",
      "unicode": "e7ee",
      "unicode_decimal": 59374
    },
    {
      "icon_id": "17444514",
      "name": "转到",
      "font_class": "zhuandao1",
      "unicode": "e7f1",
      "unicode_decimal": 59377
    },
    {
      "icon_id": "17444503",
      "name": "右箭头",
      "font_class": "youjiantou",
      "unicode": "e7ed",
      "unicode_decimal": 59373
    },
    {
      "icon_id": "17444507",
      "name": "菜单",
      "font_class": "caidan2",
      "unicode": "e7ef",
      "unicode_decimal": 59375
    },
    {
      "icon_id": "17444508",
      "name": "替换",
      "font_class": "tihuan",
      "unicode": "e7f0",
      "unicode_decimal": 59376
    },
    {
      "icon_id": "17392794",
      "name": "冻结",
      "font_class": "dongjie1",
      "unicode": "e7e1",
      "unicode_decimal": 59361
    },
    {
      "icon_id": "17392795",
      "name": "剪",
      "font_class": "jian1",
      "unicode": "e7e2",
      "unicode_decimal": 59362
    },
    {
      "icon_id": "17392796",
      "name": "加",
      "font_class": "jia1",
      "unicode": "e7e3",
      "unicode_decimal": 59363
    },
    {
      "icon_id": "17392797",
      "name": "溢出",
      "font_class": "yichu1",
      "unicode": "e7e4",
      "unicode_decimal": 59364
    },
    {
      "icon_id": "17392798",
      "name": "升序",
      "font_class": "shengxu1",
      "unicode": "e7e5",
      "unicode_decimal": 59365
    },
    {
      "icon_id": "17392799",
      "name": "内框线",
      "font_class": "neikuangxian",
      "unicode": "e7e6",
      "unicode_decimal": 59366
    },
    {
      "icon_id": "17392800",
      "name": "清除筛选",
      "font_class": "qingchushaixuan",
      "unicode": "e7e7",
      "unicode_decimal": 59367
    },
    {
      "icon_id": "17392801",
      "name": "文本向上",
      "font_class": "wenbenxiangshang",
      "unicode": "e7e8",
      "unicode_decimal": 59368
    },
    {
      "icon_id": "17392802",
      "name": "降序",
      "font_class": "jiangxu1",
      "unicode": "e7e9",
      "unicode_decimal": 59369
    },
    {
      "icon_id": "17392803",
      "name": "内框横线",
      "font_class": "neikuanghengxian",
      "unicode": "e7ea",
      "unicode_decimal": 59370
    },
    {
      "icon_id": "17392804",
      "name": "内框竖线",
      "font_class": "neikuangshuxian",
      "unicode": "e7eb",
      "unicode_decimal": 59371
    },
    {
      "icon_id": "17392805",
      "name": "自定义排序",
      "font_class": "zidingyipaixu",
      "unicode": "e7ec",
      "unicode_decimal": 59372
    },
    {
      "icon_id": "16746498",
      "name": "logo2",
      "font_class": "logo2",
      "unicode": "e7df",
      "unicode_decimal": 59359
    },
    {
      "icon_id": "16746532",
      "name": "logo",
      "font_class": "logo",
      "unicode": "e7e0",
      "unicode_decimal": 59360
    },
    {
      "icon_id": "16730159",
      "name": "文本倾斜",
      "font_class": "wenbenqingxie1",
      "unicode": "e7de",
      "unicode_decimal": 59358
    },
    {
      "icon_id": "16728412",
      "name": "加粗",
      "font_class": "jiacu",
      "unicode": "e7d9",
      "unicode_decimal": 59353
    },
    {
      "icon_id": "16728080",
      "name": "搜索",
      "font_class": "sousuo",
      "unicode": "e78a",
      "unicode_decimal": 59274
    },
    {
      "icon_id": "16728081",
      "name": "关闭",
      "font_class": "guanbi",
      "unicode": "e78b",
      "unicode_decimal": 59275
    },
    {
      "icon_id": "16728082",
      "name": "下一个",
      "font_class": "xiayige",
      "unicode": "e78c",
      "unicode_decimal": 59276
    },
    {
      "icon_id": "16728083",
      "name": "下拉",
      "font_class": "xiala",
      "unicode": "e78d",
      "unicode_decimal": 59277
    },
    {
      "icon_id": "16728084",
      "name": "文本颜色",
      "font_class": "wenbenyanse",
      "unicode": "e78e",
      "unicode_decimal": 59278
    },
    {
      "icon_id": "16728085",
      "name": "上一个",
      "font_class": "shangyige",
      "unicode": "e78f",
      "unicode_decimal": 59279
    },
    {
      "icon_id": "16728086",
      "name": "数据透视",
      "font_class": "shujutoushi",
      "unicode": "e790",
      "unicode_decimal": 59280
    },
    {
      "icon_id": "16728087",
      "name": "填充",
      "font_class": "tianchong",
      "unicode": "e791",
      "unicode_decimal": 59281
    },
    {
      "icon_id": "16728088",
      "name": "增加小数位",
      "font_class": "zengjiaxiaoshuwei",
      "unicode": "e792",
      "unicode_decimal": 59282
    },
    {
      "icon_id": "16728089",
      "name": "编辑2",
      "font_class": "bianji2",
      "unicode": "e793",
      "unicode_decimal": 59283
    },
    {
      "icon_id": "16728090",
      "name": "截屏",
      "font_class": "jieping",
      "unicode": "e794",
      "unicode_decimal": 59284
    },
    {
      "icon_id": "16728092",
      "name": "减小小数位",
      "font_class": "jianxiaoxiaoshuwei",
      "unicode": "e796",
      "unicode_decimal": 59286
    },
    {
      "icon_id": "16728093",
      "name": "菜单",
      "font_class": "caidan",
      "unicode": "e797",
      "unicode_decimal": 59287
    },
    {
      "icon_id": "16728094",
      "name": "数据库",
      "font_class": "shujuku",
      "unicode": "e798",
      "unicode_decimal": 59288
    },
    {
      "icon_id": "16728095",
      "name": "无边框",
      "font_class": "wubiankuang",
      "unicode": "e799",
      "unicode_decimal": 59289
    },
    {
      "icon_id": "16728096",
      "name": "编辑",
      "font_class": "bianji",
      "unicode": "e79a",
      "unicode_decimal": 59290
    },
    {
      "icon_id": "16728097",
      "name": "清除样式",
      "font_class": "qingchuyangshi",
      "unicode": "e79b",
      "unicode_decimal": 59291
    },
    {
      "icon_id": "16728099",
      "name": "删除",
      "font_class": "shanchu",
      "unicode": "e79c",
      "unicode_decimal": 59292
    },
    {
      "icon_id": "16728100",
      "name": "文本居中对齐",
      "font_class": "wenbenjuzhongduiqi",
      "unicode": "e79d",
      "unicode_decimal": 59293
    },
    {
      "icon_id": "16728101",
      "name": "打印",
      "font_class": "dayin",
      "unicode": "e79e",
      "unicode_decimal": 59294
    },
    {
      "icon_id": "16728102",
      "name": "文本分割",
      "font_class": "wenbenfenge",
      "unicode": "e79f",
      "unicode_decimal": 59295
    },
    {
      "icon_id": "16728103",
      "name": "函数‘",
      "font_class": "hanshu",
      "unicode": "e7a0",
      "unicode_decimal": 59296
    },
    {
      "icon_id": "16728104",
      "name": "降序",
      "font_class": "jiangxu",
      "unicode": "e7a1",
      "unicode_decimal": 59297
    },
    {
      "icon_id": "16728105",
      "name": "顶部对齐",
      "font_class": "dingbuduiqi",
      "unicode": "e7a2",
      "unicode_decimal": 59298
    },
    {
      "icon_id": "16728106",
      "name": "图片",
      "font_class": "tupian",
      "unicode": "e7a3",
      "unicode_decimal": 59299
    },
    {
      "icon_id": "16728107",
      "name": "向下90",
      "font_class": "xiangxia90",
      "unicode": "e7a4",
      "unicode_decimal": 59300
    },
    {
      "icon_id": "16728108",
      "name": "竖排文字",
      "font_class": "shupaiwenzi",
      "unicode": "e7a5",
      "unicode_decimal": 59301
    },
    {
      "icon_id": "16728109",
      "name": "全加边框",
      "font_class": "quanjiabiankuang",
      "unicode": "e7a6",
      "unicode_decimal": 59302
    },
    {
      "icon_id": "16728110",
      "name": "升序",
      "font_class": "shengxu",
      "unicode": "e7a7",
      "unicode_decimal": 59303
    },
    {
      "icon_id": "16728111",
      "name": "裁剪",
      "font_class": "caijian",
      "unicode": "e7a8",
      "unicode_decimal": 59304
    },
    {
      "icon_id": "16728112",
      "name": "金额",
      "font_class": "jine",
      "unicode": "e7a9",
      "unicode_decimal": 59305
    },
    {
      "icon_id": "16728113",
      "name": "菜单1",
      "font_class": "caidan1",
      "unicode": "e7aa",
      "unicode_decimal": 59306
    },
    {
      "icon_id": "16728114",
      "name": "取消合并",
      "font_class": "quxiaohebing",
      "unicode": "e7ab",
      "unicode_decimal": 59307
    },
    {
      "icon_id": "16728115",
      "name": "文本下划线",
      "font_class": "wenbenxiahuaxian",
      "unicode": "e7ac",
      "unicode_decimal": 59308
    },
    {
      "icon_id": "16728116",
      "name": "上边框",
      "font_class": "shangbiankuang",
      "unicode": "e7ad",
      "unicode_decimal": 59309
    },
    {
      "icon_id": "16728117",
      "name": "定位",
      "font_class": "dingwei",
      "unicode": "e7ae",
      "unicode_decimal": 59310
    },
    {
      "icon_id": "16728118",
      "name": "四周加边框",
      "font_class": "sizhoujiabiankuang",
      "unicode": "e7af",
      "unicode_decimal": 59311
    },
    {
      "icon_id": "16728119",
      "name": "侧边栏收起",
      "font_class": "cebianlanshouqi",
      "unicode": "e7b0",
      "unicode_decimal": 59312
    },
    {
      "icon_id": "16728120",
      "name": "合并",
      "font_class": "hebing",
      "unicode": "e7b1",
      "unicode_decimal": 59313
    },
    {
      "icon_id": "16728121",
      "name": "向上倾斜",
      "font_class": "xiangshangqingxie",
      "unicode": "e7b2",
      "unicode_decimal": 59314
    },
    {
      "icon_id": "16728122",
      "name": "水平对齐",
      "font_class": "shuipingduiqi",
      "unicode": "e7b3",
      "unicode_decimal": 59315
    },
    {
      "icon_id": "16728123",
      "name": "文本删除线",
      "font_class": "wenbenshanchuxian",
      "unicode": "e7b4",
      "unicode_decimal": 59316
    },
    {
      "icon_id": "16728124",
      "name": "文本右对齐",
      "font_class": "wenbenyouduiqi",
      "unicode": "e7b5",
      "unicode_decimal": 59317
    },
    {
      "icon_id": "16728125",
      "name": "前进",
      "font_class": "qianjin",
      "unicode": "e7b6",
      "unicode_decimal": 59318
    },
    {
      "icon_id": "16728126",
      "name": "图表",
      "font_class": "tubiao",
      "unicode": "e7b7",
      "unicode_decimal": 59319
    },
    {
      "icon_id": "16728127",
      "name": "右边框",
      "font_class": "youbiankuang",
      "unicode": "e7b8",
      "unicode_decimal": 59320
    },
    {
      "icon_id": "16728128",
      "name": "百分号",
      "font_class": "baifenhao",
      "unicode": "e7b9",
      "unicode_decimal": 59321
    },
    {
      "icon_id": "16728129",
      "name": "格式刷",
      "font_class": "geshishua",
      "unicode": "e7ba",
      "unicode_decimal": 59322
    },
    {
      "icon_id": "16728130",
      "name": "保存",
      "font_class": "baocun",
      "unicode": "e7bb",
      "unicode_decimal": 59323
    },
    {
      "icon_id": "16728131",
      "name": "数据验证",
      "font_class": "shujuyanzheng",
      "unicode": "e7bc",
      "unicode_decimal": 59324
    },
    {
      "icon_id": "16728132",
      "name": "截断",
      "font_class": "jieduan",
      "unicode": "e7bd",
      "unicode_decimal": 59325
    },
    {
      "icon_id": "16728133",
      "name": "格式条件",
      "font_class": "geshitiaojian",
      "unicode": "e7be",
      "unicode_decimal": 59326
    },
    {
      "icon_id": "16728134",
      "name": "自动换行",
      "font_class": "zidonghuanhang",
      "unicode": "e7bf",
      "unicode_decimal": 59327
    },
    {
      "icon_id": "16728135",
      "name": "侧边栏展开",
      "font_class": "cebianlanzhankai",
      "unicode": "e7c0",
      "unicode_decimal": 59328
    },
    {
      "icon_id": "16728136",
      "name": "筛选2",
      "font_class": "shaixuan2",
      "unicode": "e7c1",
      "unicode_decimal": 59329
    },
    {
      "icon_id": "16728137",
      "name": "向下倾斜",
      "font_class": "xiangxiaqingxie",
      "unicode": "e7c2",
      "unicode_decimal": 59330
    },
    {
      "icon_id": "16728138",
      "name": "溢出",
      "font_class": "yichu",
      "unicode": "e7c3",
      "unicode_decimal": 59331
    },
    {
      "icon_id": "16728139",
      "name": "垂直合并",
      "font_class": "chuizhihebing",
      "unicode": "e7c4",
      "unicode_decimal": 59332
    },
    {
      "icon_id": "16728140",
      "name": "文本分散对齐",
      "font_class": "wenbenfensanduiqi",
      "unicode": "e7c5",
      "unicode_decimal": 59333
    },
    {
      "icon_id": "16728141",
      "name": "左边框",
      "font_class": "zuobiankuang",
      "unicode": "e7c6",
      "unicode_decimal": 59334
    },
    {
      "icon_id": "16728142",
      "name": "分页查看",
      "font_class": "fenyechakan",
      "unicode": "e7c7",
      "unicode_decimal": 59335
    },
    {
      "icon_id": "16728143",
      "name": "运行",
      "font_class": "yunhang",
      "unicode": "e7c8",
      "unicode_decimal": 59336
    },
    {
      "icon_id": "16728144",
      "name": "列",
      "font_class": "lie",
      "unicode": "e7c9",
      "unicode_decimal": 59337
    },
    {
      "icon_id": "16728145",
      "name": "全屏",
      "font_class": "quanping",
      "unicode": "e7ca",
      "unicode_decimal": 59338
    },
    {
      "icon_id": "16728146",
      "name": "筛选",
      "font_class": "shaixuan",
      "unicode": "e7cb",
      "unicode_decimal": 59339
    },
    {
      "icon_id": "16728147",
      "name": "更新",
      "font_class": "gengxin",
      "unicode": "e7cc",
      "unicode_decimal": 59340
    },
    {
      "icon_id": "16728148",
      "name": "清除",
      "font_class": "qingchu",
      "unicode": "e7cd",
      "unicode_decimal": 59341
    },
    {
      "icon_id": "16728149",
      "name": "行",
      "font_class": "hang",
      "unicode": "e7ce",
      "unicode_decimal": 59342
    },
    {
      "icon_id": "16728150",
      "name": "注释",
      "font_class": "zhushi",
      "unicode": "e7cf",
      "unicode_decimal": 59343
    },
    {
      "icon_id": "16728151",
      "name": "剪",
      "font_class": "jian",
      "unicode": "e7d0",
      "unicode_decimal": 59344
    },
    {
      "icon_id": "16728152",
      "name": "计算",
      "font_class": "jisuan",
      "unicode": "e7d1",
      "unicode_decimal": 59345
    },
    {
      "icon_id": "16728153",
      "name": "加",
      "font_class": "jia",
      "unicode": "e7d2",
      "unicode_decimal": 59346
    },
    {
      "icon_id": "16728154",
      "name": "底部对齐",
      "font_class": "dibuduiqi",
      "unicode": "e7d3",
      "unicode_decimal": 59347
    },
    {
      "icon_id": "16728155",
      "name": "向上90",
      "font_class": "xiangshang90",
      "unicode": "e7d4",
      "unicode_decimal": 59348
    },
    {
      "icon_id": "16728156",
      "name": "无选装",
      "font_class": "wuxuanzhuang",
      "unicode": "e7d5",
      "unicode_decimal": 59349
    },
    {
      "icon_id": "16728157",
      "name": "显示隐藏网格",
      "font_class": "xianshiyincangwangge",
      "unicode": "e7d6",
      "unicode_decimal": 59350
    },
    {
      "icon_id": "16728158",
      "name": "冻结",
      "font_class": "dongjie",
      "unicode": "e7d7",
      "unicode_decimal": 59351
    },
    {
      "icon_id": "16728159",
      "name": "文本左对齐",
      "font_class": "wenbenzuoduiqi",
      "unicode": "e7d8",
      "unicode_decimal": 59352
    },
    {
      "icon_id": "16728161",
      "name": "后退",
      "font_class": "houtui",
      "unicode": "e7da",
      "unicode_decimal": 59354
    },
    {
      "icon_id": "16728162",
      "name": "水平合并",
      "font_class": "shuipinghebing",
      "unicode": "e7db",
      "unicode_decimal": 59355
    },
    {
      "icon_id": "16728163",
      "name": "下边框",
      "font_class": "xiabiankuang",
      "unicode": "e7dc",
      "unicode_decimal": 59356
    },
    {
      "icon_id": "16728164",
      "name": "设置",
      "font_class": "shezhi",
      "unicode": "e7dd",
      "unicode_decimal": 59357
    }
  ]
}
